company_id,device_serial_number,tank_id,volume_left,created_at,updated_at,volume_used,latitude,longitude,volume_added,facility_id
f74ae59d-eb33-486b-8a27-5788d99500db,08133248857,727f9310-2b41-4391-8aaa-f67db3d6af34,25000,2020-08-17 00:00,2020-08-17 00:00,0,6.562128,3.476961,0,727f9310-2b41-4391-8aaa-f67db3d6af34
f74ae59d-eb33-486b-8a27-5788d99500db,08133248857,727f9310-2b41-4391-8aaa-f67db3d6af34,25000,2020-08-17 01:00,2020-08-17 01:00,0,6.562128,3.476961,0,727f9310-2b41-4391-8aaa-f67db3d6af34
f74ae59d-eb33-486b-8a27-5788d99500db,08133248857,727f9310-2b41-4391-8aaa-f67db3d6af34,25000,2020-08-17 02:00,2020-08-17 02:00,0,6.562128,3.476961,0,727f9310-2b41-4391-8aaa-f67db3d6af34
f74ae59d-eb33-486b-8a27-5788d99500db,08133248857,727f9310-2b41-4391-8aaa-f67db3d6af34,25000,2020-08-17 03:00,2020-08-17 03:00,0,6.562128,3.476961,0,727f9310-2b41-4391-8aaa-f67db3d6af34
f74ae59d-eb33-486b-8a27-5788d99500db,08133248857,727f9310-2b41-4391-8aaa-f67db3d6af34,25000,2020-08-17 04:00,2020-08-17 04:00,0,6.562128,3.476961,0,727f9310-2b41-4391-8aaa-f67db3d6af34
f74ae59d-eb33-486b-8a27-5788d99500db,08133248857,727f9310-2b41-4391-8aaa-f67db3d6af34,25000,2020-08-17 05:00,2020-08-17 05:00,0,6.562128,3.476961,0,727f9310-2b41-4391-8aaa-f67db3d6af34
f74ae59d-eb33-486b-8a27-5788d99500db,08133248857,727f9310-2b41-4391-8aaa-f67db3d6af34,25000,2020-08-17 06:00,2020-08-17 06:00,0,6.562128,3.476961,0,727f9310-2b41-4391-8aaa-f67db3d6af34
f74ae59d-eb33-486b-8a27-5788d99500db,08133248857,727f9310-2b41-4391-8aaa-f67db3d6af34,24900,2020-08-17 06:05,2020-08-17 06:05,100,6.562128,3.476961,0,727f9310-2b41-4391-8aaa-f67db3d6af34
f74ae59d-eb33-486b-8a27-5788d99500db,08133248857,727f9310-2b41-4391-8aaa-f67db3d6af34,24800,2020-08-17 06:10,2020-08-17 06:10,100,6.562128,3.476961,0,727f9310-2b41-4391-8aaa-f67db3d6af34
f74ae59d-eb33-486b-8a27-5788d99500db,08133248857,727f9310-2b41-4391-8aaa-f67db3d6af34,24700,2020-08-17 06:15,2020-08-17 06:15,100,6.562128,3.476961,0,727f9310-2b41-4391-8aaa-f67db3d6af34
f74ae59d-eb33-486b-8a27-5788d99500db,08133248857,727f9310-2b41-4391-8aaa-f67db3d6af34,24600,2020-08-17 06:20,2020-08-17 06:20,100,6.562128,3.476961,0,727f9310-2b41-4391-8aaa-f67db3d6af34
f74ae59d-eb33-486b-8a27-5788d99500db,08133248857,727f9310-2b41-4391-8aaa-f67db3d6af34,24500,2020-08-17 06:25,2020-08-17 06:25,100,6.562128,3.476961,0,727f9310-2b41-4391-8aaa-f67db3d6af34
f74ae59d-eb33-486b-8a27-5788d99500db,08133248857,727f9310-2b41-4391-8aaa-f67db3d6af34,24400,2020-08-17 06:30,2020-08-17 06:30,100,6.562128,3.476961,0,727f9310-2b41-4391-8aaa-f67db3d6af34
f74ae59d-eb33-486b-8a27-5788d99500db,08133248857,727f9310-2b41-4391-8aaa-f67db3d6af34,24300,2020-08-17 06:35,2020-08-17 06:35,100,6.562128,3.476961,0,727f9310-2b41-4391-8aaa-f67db3d6af34
f74ae59d-eb33-486b-8a27-5788d99500db,08133248857,727f9310-2b41-4391-8aaa-f67db3d6af34,24200,2020-08-17 06:40,2020-08-17 06:40,100,6.562128,3.476961,0,727f9310-2b41-4391-8aaa-f67db3d6af34
f74ae59d-eb33-486b-8a27-5788d99500db,08133248857,727f9310-2b41-4391-8aaa-f67db3d6af34,24100,2020-08-17 06:45,2020-08-17 06:45,100,6.562128,3.476961,0,727f9310-2b41-4391-8aaa-f67db3d6af34
f74ae59d-eb33-486b-8a27-5788d99500db,08133248857,727f9310-2b41-4391-8aaa-f67db3d6af34,24000,2020-08-17 06:50,2020-08-17 06:50,100,6.562128,3.476961,0,727f9310-2b41-4391-8aaa-f67db3d6af34
f74ae59d-eb33-486b-8a27-5788d99500db,08133248857,727f9310-2b41-4391-8aaa-f67db3d6af34,23900,2020-08-17 06:55,2020-08-17 06:55,100,6.562128,3.476961,0,727f9310-2b41-4391-8aaa-f67db3d6af34
f74ae59d-eb33-486b-8a27-5788d99500db,08133248857,727f9310-2b41-4391-8aaa-f67db3d6af34,23800,2020-08-17 07:00,2020-08-17 07:00,100,6.562128,3.476961,0,727f9310-2b41-4391-8aaa-f67db3d6af34
f74ae59d-eb33-486b-8a27-5788d99500db,08133248857,727f9310-2b41-4391-8aaa-f67db3d6af34,23800,2020-08-17 07:10,2020-08-17 07:10,0,6.564904,3.477543,0,727f9310-2b41-4391-8aaa-f67db3d6af34
f74ae59d-eb33-486b-8a27-5788d99500db,08133248857,727f9310-2b41-4391-8aaa-f67db3d6af34,23800,2020-08-17 07:20,2020-08-17 07:20,0,6.573187,3.485313,0,727f9310-2b41-4391-8aaa-f67db3d6af34
f74ae59d-eb33-486b-8a27-5788d99500db,08133248857,727f9310-2b41-4391-8aaa-f67db3d6af34,23800,2020-08-17 07:30,2020-08-17 07:30,0,6.589948,3.492505,0,727f9310-2b41-4391-8aaa-f67db3d6af34
f74ae59d-eb33-486b-8a27-5788d99500db,08133248857,727f9310-2b41-4391-8aaa-f67db3d6af34,23800,2020-08-17 07:40,2020-08-17 07:40,0,6.602747,3.490133,0,727f9310-2b41-4391-8aaa-f67db3d6af34
f74ae59d-eb33-486b-8a27-5788d99500db,08133248857,727f9310-2b41-4391-8aaa-f67db3d6af34,23800,2020-08-17 07:50,2020-08-17 07:50,0,6.614002,3.477074,0,727f9310-2b41-4391-8aaa-f67db3d6af34
f74ae59d-eb33-486b-8a27-5788d99500db,08133248857,727f9310-2b41-4391-8aaa-f67db3d6af34,23800,2020-08-17 08:00,2020-08-17 08:00,0,6.619776,3.472733,0,727f9310-2b41-4391-8aaa-f67db3d6af34
f74ae59d-eb33-486b-8a27-5788d99500db,08133248857,727f9310-2b41-4391-8aaa-f67db3d6af34,23800,2020-08-17 08:11,2020-08-17 08:11,0,6.619045,3.466332,0,727f9310-2b41-4391-8aaa-f67db3d6af34
f74ae59d-eb33-486b-8a27-5788d99500db,08133248857,727f9310-2b41-4391-8aaa-f67db3d6af34,23800,2020-08-17 08:21,2020-08-17 08:21,0,6.618607,3.460262,0,727f9310-2b41-4391-8aaa-f67db3d6af34
f74ae59d-eb33-486b-8a27-5788d99500db,08133248857,727f9310-2b41-4391-8aaa-f67db3d6af34,23800,2020-08-17 08:31,2020-08-17 08:31,0,6.619276,3.449148,0,727f9310-2b41-4391-8aaa-f67db3d6af34
f74ae59d-eb33-486b-8a27-5788d99500db,08133248857,727f9310-2b41-4391-8aaa-f67db3d6af34,23800,2020-08-17 08:41,2020-08-17 08:41,0,6.11326,3.440930,0,727f9310-2b41-4391-8aaa-f67db3d6af34
f74ae59d-eb33-486b-8a27-5788d99500db,08133248857,727f9310-2b41-4391-8aaa-f67db3d6af34,23800,2020-08-17 08:51,2020-08-17 08:51,0,6.608907,3.426710,0,727f9310-2b41-4391-8aaa-f67db3d6af34
f74ae59d-eb33-486b-8a27-5788d99500db,08133248857,727f9310-2b41-4391-8aaa-f67db3d6af34,23800,2020-08-17 09:01,2020-08-17 09:01,0,6.611907,3.415909,0,727f9310-2b41-4391-8aaa-f67db3d6af34
f74ae59d-eb33-486b-8a27-5788d99500db,08133248857,727f9310-2b41-4391-8aaa-f67db3d6af34,23800,2020-08-17 09:12,2020-08-17 09:12,0,6.606460,3.407564,0,727f9310-2b41-4391-8aaa-f67db3d6af34
f74ae59d-eb33-486b-8a27-5788d99500db,08133248857,727f9310-2b41-4391-8aaa-f67db3d6af34,23800,2020-08-17 09:22,2020-08-17 09:22,0,6.608276,3.380863,0,727f9310-2b41-4391-8aaa-f67db3d6af34
f74ae59d-eb33-486b-8a27-5788d99500db,08133248857,727f9310-2b41-4391-8aaa-f67db3d6af34,23800,2020-08-17 09:32,2020-08-17 09:32,0,6.619003,3.364797,0,727f9310-2b41-4391-8aaa-f67db3d6af34
f74ae59d-eb33-486b-8a27-5788d99500db,08133248857,727f9310-2b41-4391-8aaa-f67db3d6af34,23800,2020-08-17 09:42,2020-08-17 09:42,0,6.643214,3.377029,0,727f9310-2b41-4391-8aaa-f67db3d6af34
f74ae59d-eb33-486b-8a27-5788d99500db,08133248857,727f9310-2b41-4391-8aaa-f67db3d6af34,23800,2020-08-17 09:52,2020-08-17 09:52,0,6.643456,3.377597,0,727f9310-2b41-4391-8aaa-f67db3d6af34
f74ae59d-eb33-486b-8a27-5788d99500db,08133248857,727f9310-2b41-4391-8aaa-f67db3d6af34,23800,2020-08-17 10:02,2020-08-17 10:02,0,6.643668,3.377978,0,727f9310-2b41-4391-8aaa-f67db3d6af34
f74ae59d-eb33-486b-8a27-5788d99500db,08133248857,727f9310-2b41-4391-8aaa-f67db3d6af34,23700,2020-08-17 10:05,2020-08-17 10:05,100,6.643668,3.377978,0,727f9310-2b41-4391-8aaa-f67db3d6af34
f74ae59d-eb33-486b-8a27-5788d99500db,08133248857,727f9310-2b41-4391-8aaa-f67db3d6af34,23600,2020-08-17 10:10,2020-08-17 10:10,100,6.643668,3.377978,0,727f9310-2b41-4391-8aaa-f67db3d6af34
f74ae59d-eb33-486b-8a27-5788d99500db,08133248857,727f9310-2b41-4391-8aaa-f67db3d6af34,23500,2020-08-17 10:15,2020-08-17 10:15,100,6.643668,3.377978,0,727f9310-2b41-4391-8aaa-f67db3d6af34
f74ae59d-eb33-486b-8a27-5788d99500db,08133248857,727f9310-2b41-4391-8aaa-f67db3d6af34,23400,2020-08-17 10:20,2020-08-17 10:20,100,6.643668,3.377978,0,727f9310-2b41-4391-8aaa-f67db3d6af34
f74ae59d-eb33-486b-8a27-5788d99500db,08133248857,727f9310-2b41-4391-8aaa-f67db3d6af34,23300,2020-08-17 10:25,2020-08-17 10:25,100,6.643668,3.377978,0,727f9310-2b41-4391-8aaa-f67db3d6af34
f74ae59d-eb33-486b-8a27-5788d99500db,08133248857,727f9310-2b41-4391-8aaa-f67db3d6af34,23200,2020-08-17 10:30,2020-08-17 10:30,100,6.643668,3.377978,0,727f9310-2b41-4391-8aaa-f67db3d6af34
f74ae59d-eb33-486b-8a27-5788d99500db,08133248857,727f9310-2b41-4391-8aaa-f67db3d6af34,23100,2020-08-17 10:35,2020-08-17 10:35,100,6.643668,3.377978,0,727f9310-2b41-4391-8aaa-f67db3d6af34
f74ae59d-eb33-486b-8a27-5788d99500db,08133248857,727f9310-2b41-4391-8aaa-f67db3d6af34,23000,2020-08-17 10:40,2020-08-17 10:40,100,6.643668,3.377978,0,727f9310-2b41-4391-8aaa-f67db3d6af34
f74ae59d-eb33-486b-8a27-5788d99500db,08133248857,727f9310-2b41-4391-8aaa-f67db3d6af34,22900,2020-08-17 10:45,2020-08-17 10:45,100,6.643668,3.377978,0,727f9310-2b41-4391-8aaa-f67db3d6af34
f74ae59d-eb33-486b-8a27-5788d99500db,08133248857,727f9310-2b41-4391-8aaa-f67db3d6af34,22800,2020-08-17 10:50,2020-08-17 10:50,100,6.643668,3.377978,0,727f9310-2b41-4391-8aaa-f67db3d6af34
f74ae59d-eb33-486b-8a27-5788d99500db,08133248857,727f9310-2b41-4391-8aaa-f67db3d6af34,22700,2020-08-17 10:55,2020-08-17 10:55,100,6.643668,3.377978,0,727f9310-2b41-4391-8aaa-f67db3d6af34
f74ae59d-eb33-486b-8a27-5788d99500db,08133248857,727f9310-2b41-4391-8aaa-f67db3d6af34,22600,2020-08-17 11:00,2020-08-17 11:00,100,6.643668,3.377978,0,727f9310-2b41-4391-8aaa-f67db3d6af34
f74ae59d-eb33-486b-8a27-5788d99500db,08133248857,727f9310-2b41-4391-8aaa-f67db3d6af34,22500,2020-08-17 11:05,2020-08-17 11:05,100,6.643668,3.377978,0,727f9310-2b41-4391-8aaa-f67db3d6af34
f74ae59d-eb33-486b-8a27-5788d99500db,08133248857,727f9310-2b41-4391-8aaa-f67db3d6af34,22400,2020-08-17 11:10,2020-08-17 11:10,100,6.643668,3.377978,0,727f9310-2b41-4391-8aaa-f67db3d6af34
f74ae59d-eb33-486b-8a27-5788d99500db,08133248857,727f9310-2b41-4391-8aaa-f67db3d6af34,22300,2020-08-17 11:15,2020-08-17 11:15,100,6.643668,3.377978,0,727f9310-2b41-4391-8aaa-f67db3d6af34
f74ae59d-eb33-486b-8a27-5788d99500db,08133248857,727f9310-2b41-4391-8aaa-f67db3d6af34,22200,2020-08-17 11:20,2020-08-17 11:20,100,6.643668,3.377978,0,727f9310-2b41-4391-8aaa-f67db3d6af34
f74ae59d-eb33-486b-8a27-5788d99500db,08133248857,727f9310-2b41-4391-8aaa-f67db3d6af34,22100,2020-08-17 11:25,2020-08-17 11:25,100,6.643668,3.377978,0,727f9310-2b41-4391-8aaa-f67db3d6af34
f74ae59d-eb33-486b-8a27-5788d99500db,08133248857,727f9310-2b41-4391-8aaa-f67db3d6af34,22000,2020-08-17 11:30,2020-08-17 11:30,100,6.643668,3.377978,0,727f9310-2b41-4391-8aaa-f67db3d6af34
f74ae59d-eb33-486b-8a27-5788d99500db,08133248857,727f9310-2b41-4391-8aaa-f67db3d6af34,21900,2020-08-17 11:35,2020-08-17 11:35,100,6.643668,3.377978,0,727f9310-2b41-4391-8aaa-f67db3d6af34
f74ae59d-eb33-486b-8a27-5788d99500db,08133248857,727f9310-2b41-4391-8aaa-f67db3d6af34,21800,2020-08-17 11:40,2020-08-17 11:40,100,6.643668,3.377978,0,727f9310-2b41-4391-8aaa-f67db3d6af34
f74ae59d-eb33-486b-8a27-5788d99500db,08133248857,727f9310-2b41-4391-8aaa-f67db3d6af34,21700,2020-08-17 11:45,2020-08-17 11:45,100,6.643668,3.377978,0,727f9310-2b41-4391-8aaa-f67db3d6af34
f74ae59d-eb33-486b-8a27-5788d99500db,08133248857,727f9310-2b41-4391-8aaa-f67db3d6af34,21600,2020-08-17 11:50,2020-08-17 11:50,100,6.643668,3.377978,0,727f9310-2b41-4391-8aaa-f67db3d6af34
f74ae59d-eb33-486b-8a27-5788d99500db,08133248857,727f9310-2b41-4391-8aaa-f67db3d6af34,21500,2020-08-17 11:55,2020-08-17 11:55,100,6.643668,3.377978,0,727f9310-2b41-4391-8aaa-f67db3d6af34
f74ae59d-eb33-486b-8a27-5788d99500db,08133248857,727f9310-2b41-4391-8aaa-f67db3d6af34,21400,2020-08-17 12:00,2020-08-17 12:00,100,6.643668,3.377978,0,727f9310-2b41-4391-8aaa-f67db3d6af34
f74ae59d-eb33-486b-8a27-5788d99500db,08133248857,727f9310-2b41-4391-8aaa-f67db3d6af34,21300,2020-08-17 12:05,2020-08-17 12:05,100,6.643668,3.377978,0,727f9310-2b41-4391-8aaa-f67db3d6af34
f74ae59d-eb33-486b-8a27-5788d99500db,08133248857,727f9310-2b41-4391-8aaa-f67db3d6af34,21200,2020-08-17 12:10,2020-08-17 12:10,100,6.643668,3.377978,0,727f9310-2b41-4391-8aaa-f67db3d6af34
f74ae59d-eb33-486b-8a27-5788d99500db,08133248857,727f9310-2b41-4391-8aaa-f67db3d6af34,21100,2020-08-17 12:15,2020-08-17 12:15,100,6.643668,3.377978,0,727f9310-2b41-4391-8aaa-f67db3d6af34
f74ae59d-eb33-486b-8a27-5788d99500db,08133248857,727f9310-2b41-4391-8aaa-f67db3d6af34,21000,2020-08-17 12:20,2020-08-17 12:20,100,6.643668,3.377978,0,727f9310-2b41-4391-8aaa-f67db3d6af34
f74ae59d-eb33-486b-8a27-5788d99500db,08133248857,727f9310-2b41-4391-8aaa-f67db3d6af34,20900,2020-08-17 12:25,2020-08-17 12:25,100,6.643668,3.377978,0,727f9310-2b41-4391-8aaa-f67db3d6af34
f74ae59d-eb33-486b-8a27-5788d99500db,08133248857,727f9310-2b41-4391-8aaa-f67db3d6af34,20800,2020-08-17 12:30,2020-08-17 12:30,100,6.643668,3.377978,0,727f9310-2b41-4391-8aaa-f67db3d6af34
f74ae59d-eb33-486b-8a27-5788d99500db,08133248857,727f9310-2b41-4391-8aaa-f67db3d6af34,20700,2020-08-17 12:35,2020-08-17 12:35,100,6.643668,3.377978,0,727f9310-2b41-4391-8aaa-f67db3d6af34
f74ae59d-eb33-486b-8a27-5788d99500db,08133248857,727f9310-2b41-4391-8aaa-f67db3d6af34,20600,2020-08-17 12:40,2020-08-17 12:40,100,6.643668,3.377978,0,727f9310-2b41-4391-8aaa-f67db3d6af34
f74ae59d-eb33-486b-8a27-5788d99500db,08133248857,727f9310-2b41-4391-8aaa-f67db3d6af34,20500,2020-08-17 12:45,2020-08-17 12:45,100,6.643668,3.377978,0,727f9310-2b41-4391-8aaa-f67db3d6af34
f74ae59d-eb33-486b-8a27-5788d99500db,08133248857,727f9310-2b41-4391-8aaa-f67db3d6af34,20400,2020-08-17 12:50,2020-08-17 12:50,100,6.643668,3.377978,0,727f9310-2b41-4391-8aaa-f67db3d6af34
f74ae59d-eb33-486b-8a27-5788d99500db,08133248857,727f9310-2b41-4391-8aaa-f67db3d6af34,20300,2020-08-17 12:55,2020-08-17 12:55,100,6.643668,3.377978,0,727f9310-2b41-4391-8aaa-f67db3d6af34
f74ae59d-eb33-486b-8a27-5788d99500db,08133248857,727f9310-2b41-4391-8aaa-f67db3d6af34,20200,2020-08-17 13:00,2020-08-17 13:00,100,6.643668,3.377978,0,727f9310-2b41-4391-8aaa-f67db3d6af34
f74ae59d-eb33-486b-8a27-5788d99500db,08133248857,727f9310-2b41-4391-8aaa-f67db3d6af34,20100,2020-08-17 13:05,2020-08-17 13:05,100,6.643668,3.377978,0,727f9310-2b41-4391-8aaa-f67db3d6af34
f74ae59d-eb33-486b-8a27-5788d99500db,08133248857,727f9310-2b41-4391-8aaa-f67db3d6af34,20000,2020-08-17 13:10,2020-08-17 13:10,100,6.643668,3.377978,0,727f9310-2b41-4391-8aaa-f67db3d6af34
f74ae59d-eb33-486b-8a27-5788d99500db,08133248857,727f9310-2b41-4391-8aaa-f67db3d6af34,19900,2020-08-17 13:15,2020-08-17 13:15,100,6.643668,3.377978,0,727f9310-2b41-4391-8aaa-f67db3d6af34
f74ae59d-eb33-486b-8a27-5788d99500db,08133248857,727f9310-2b41-4391-8aaa-f67db3d6af34,19800,2020-08-17 13:20,2020-08-17 13:20,100,6.643668,3.377978,0,727f9310-2b41-4391-8aaa-f67db3d6af34
f74ae59d-eb33-486b-8a27-5788d99500db,08133248857,727f9310-2b41-4391-8aaa-f67db3d6af34,19700,2020-08-17 13:25,2020-08-17 13:25,100,6.643668,3.377978,0,727f9310-2b41-4391-8aaa-f67db3d6af34
f74ae59d-eb33-486b-8a27-5788d99500db,08133248857,727f9310-2b41-4391-8aaa-f67db3d6af34,19600,2020-08-17 13:30,2020-08-17 13:30,100,6.643668,3.377978,0,727f9310-2b41-4391-8aaa-f67db3d6af34
f74ae59d-eb33-486b-8a27-5788d99500db,08133248857,727f9310-2b41-4391-8aaa-f67db3d6af34,19500,2020-08-17 13:35,2020-08-17 13:35,100,6.643668,3.377978,0,727f9310-2b41-4391-8aaa-f67db3d6af34
f74ae59d-eb33-486b-8a27-5788d99500db,08133248857,727f9310-2b41-4391-8aaa-f67db3d6af34,19400,2020-08-17 13:40,2020-08-17 13:40,100,6.643668,3.377978,0,727f9310-2b41-4391-8aaa-f67db3d6af34
f74ae59d-eb33-486b-8a27-5788d99500db,08133248857,727f9310-2b41-4391-8aaa-f67db3d6af34,19300,2020-08-17 13:45,2020-08-17 13:45,100,6.643668,3.377978,0,727f9310-2b41-4391-8aaa-f67db3d6af34
f74ae59d-eb33-486b-8a27-5788d99500db,08133248857,727f9310-2b41-4391-8aaa-f67db3d6af34,19200,2020-08-17 13:50,2020-08-17 13:50,100,6.643668,3.377978,0,727f9310-2b41-4391-8aaa-f67db3d6af34
f74ae59d-eb33-486b-8a27-5788d99500db,08133248857,727f9310-2b41-4391-8aaa-f67db3d6af34,19100,2020-08-17 13:55,2020-08-17 13:55,100,6.643668,3.377978,0,727f9310-2b41-4391-8aaa-f67db3d6af34
f74ae59d-eb33-486b-8a27-5788d99500db,08133248857,727f9310-2b41-4391-8aaa-f67db3d6af34,19000,2020-08-17 14:00,2020-08-17 14:00,100,6.643668,3.377978,0,727f9310-2b41-4391-8aaa-f67db3d6af34
f74ae59d-eb33-486b-8a27-5788d99500db,08133248857,727f9310-2b41-4391-8aaa-f67db3d6af34,18900,2020-08-17 14:05,2020-08-17 14:05,100,6.643668,3.377978,0,727f9310-2b41-4391-8aaa-f67db3d6af34
f74ae59d-eb33-486b-8a27-5788d99500db,08133248857,727f9310-2b41-4391-8aaa-f67db3d6af34,18800,2020-08-17 14:10,2020-08-17 14:10,100,6.643668,3.377978,0,727f9310-2b41-4391-8aaa-f67db3d6af34
f74ae59d-eb33-486b-8a27-5788d99500db,08133248857,727f9310-2b41-4391-8aaa-f67db3d6af34,18700,2020-08-17 14:15,2020-08-17 14:15,100,6.643668,3.377978,0,727f9310-2b41-4391-8aaa-f67db3d6af34
f74ae59d-eb33-486b-8a27-5788d99500db,08133248857,727f9310-2b41-4391-8aaa-f67db3d6af34,18600,2020-08-17 14:20,2020-08-17 14:20,100,6.643668,3.377978,0,727f9310-2b41-4391-8aaa-f67db3d6af34
f74ae59d-eb33-486b-8a27-5788d99500db,08133248857,727f9310-2b41-4391-8aaa-f67db3d6af34,18500,2020-08-17 14:25,2020-08-17 14:25,100,6.643668,3.377978,0,727f9310-2b41-4391-8aaa-f67db3d6af34
f74ae59d-eb33-486b-8a27-5788d99500db,08133248857,727f9310-2b41-4391-8aaa-f67db3d6af34,18400,2020-08-17 14:30,2020-08-17 14:30,100,6.643668,3.377978,0,727f9310-2b41-4391-8aaa-f67db3d6af34
f74ae59d-eb33-486b-8a27-5788d99500db,08133248857,727f9310-2b41-4391-8aaa-f67db3d6af34,18300,2020-08-17 14:35,2020-08-17 14:35,100,6.643668,3.377978,0,727f9310-2b41-4391-8aaa-f67db3d6af34
f74ae59d-eb33-486b-8a27-5788d99500db,08133248857,727f9310-2b41-4391-8aaa-f67db3d6af34,18200,2020-08-17 14:40,2020-08-17 14:40,100,6.643668,3.377978,0,727f9310-2b41-4391-8aaa-f67db3d6af34
f74ae59d-eb33-486b-8a27-5788d99500db,08133248857,727f9310-2b41-4391-8aaa-f67db3d6af34,18100,2020-08-17 14:45,2020-08-17 14:45,100,6.643668,3.377978,0,727f9310-2b41-4391-8aaa-f67db3d6af34
f74ae59d-eb33-486b-8a27-5788d99500db,08133248857,727f9310-2b41-4391-8aaa-f67db3d6af34,18000,2020-08-17 14:50,2020-08-17 14:50,100,6.643668,3.377978,0,727f9310-2b41-4391-8aaa-f67db3d6af34
f74ae59d-eb33-486b-8a27-5788d99500db,08133248857,727f9310-2b41-4391-8aaa-f67db3d6af34,17900,2020-08-17 14:55,2020-08-17 14:55,100,6.643668,3.377978,0,727f9310-2b41-4391-8aaa-f67db3d6af34
f74ae59d-eb33-486b-8a27-5788d99500db,08133248857,727f9310-2b41-4391-8aaa-f67db3d6af34,17800,2020-08-17 15:00,2020-08-17 15:00,100,6.643668,3.377978,0,727f9310-2b41-4391-8aaa-f67db3d6af34
f74ae59d-eb33-486b-8a27-5788d99500db,08133248857,727f9310-2b41-4391-8aaa-f67db3d6af34,17700,2020-08-17 15:05,2020-08-17 15:05,100,6.643668,3.377978,0,727f9310-2b41-4391-8aaa-f67db3d6af34
f74ae59d-eb33-486b-8a27-5788d99500db,08133248857,727f9310-2b41-4391-8aaa-f67db3d6af34,17600,2020-08-17 15:10,2020-08-17 15:10,100,6.643668,3.377978,0,727f9310-2b41-4391-8aaa-f67db3d6af34
f74ae59d-eb33-486b-8a27-5788d99500db,08133248857,727f9310-2b41-4391-8aaa-f67db3d6af34,17500,2020-08-17 15:15,2020-08-17 15:15,100,6.643668,3.377978,0,727f9310-2b41-4391-8aaa-f67db3d6af34
f74ae59d-eb33-486b-8a27-5788d99500db,08133248857,727f9310-2b41-4391-8aaa-f67db3d6af34,17400,2020-08-17 15:20,2020-08-17 15:20,100,6.643668,3.377978,0,727f9310-2b41-4391-8aaa-f67db3d6af34
f74ae59d-eb33-486b-8a27-5788d99500db,08133248857,727f9310-2b41-4391-8aaa-f67db3d6af34,17300,2020-08-17 15:25,2020-08-17 15:25,100,6.643668,3.377978,0,727f9310-2b41-4391-8aaa-f67db3d6af34
f74ae59d-eb33-486b-8a27-5788d99500db,08133248857,727f9310-2b41-4391-8aaa-f67db3d6af34,17200,2020-08-17 15:30,2020-08-17 15:30,100,6.643668,3.377978,0,727f9310-2b41-4391-8aaa-f67db3d6af34
f74ae59d-eb33-486b-8a27-5788d99500db,08133248857,727f9310-2b41-4391-8aaa-f67db3d6af34,17100,2020-08-17 15:35,2020-08-17 15:35,100,6.643668,3.377978,0,727f9310-2b41-4391-8aaa-f67db3d6af34
f74ae59d-eb33-486b-8a27-5788d99500db,08133248857,727f9310-2b41-4391-8aaa-f67db3d6af34,17000,2020-08-17 15:40,2020-08-17 15:40,100,6.643668,3.377978,0,727f9310-2b41-4391-8aaa-f67db3d6af34
f74ae59d-eb33-486b-8a27-5788d99500db,08133248857,727f9310-2b41-4391-8aaa-f67db3d6af34,16900,2020-08-17 15:45,2020-08-17 15:45,100,6.643668,3.377978,0,727f9310-2b41-4391-8aaa-f67db3d6af34
f74ae59d-eb33-486b-8a27-5788d99500db,08133248857,727f9310-2b41-4391-8aaa-f67db3d6af34,16800,2020-08-17 15:50,2020-08-17 15:50,100,6.643668,3.377978,0,727f9310-2b41-4391-8aaa-f67db3d6af34
f74ae59d-eb33-486b-8a27-5788d99500db,08133248857,727f9310-2b41-4391-8aaa-f67db3d6af34,16700,2020-08-17 15:55,2020-08-17 15:55,100,6.643668,3.377978,0,727f9310-2b41-4391-8aaa-f67db3d6af34
f74ae59d-eb33-486b-8a27-5788d99500db,08133248857,727f9310-2b41-4391-8aaa-f67db3d6af34,16600,2020-08-17 16:00,2020-08-17 16:00,100,6.643668,3.377978,0,727f9310-2b41-4391-8aaa-f67db3d6af34
f74ae59d-eb33-486b-8a27-5788d99500db,08133248857,727f9310-2b41-4391-8aaa-f67db3d6af34,16500,2020-08-17 16:05,2020-08-17 16:05,100,6.643668,3.377978,0,727f9310-2b41-4391-8aaa-f67db3d6af34
f74ae59d-eb33-486b-8a27-5788d99500db,08133248857,727f9310-2b41-4391-8aaa-f67db3d6af34,16400,2020-08-17 16:10,2020-08-17 16:10,100,6.643668,3.377978,0,727f9310-2b41-4391-8aaa-f67db3d6af34
f74ae59d-eb33-486b-8a27-5788d99500db,08133248857,727f9310-2b41-4391-8aaa-f67db3d6af34,16300,2020-08-17 16:15,2020-08-17 16:15,100,6.643668,3.377978,0,727f9310-2b41-4391-8aaa-f67db3d6af34
f74ae59d-eb33-486b-8a27-5788d99500db,08133248857,727f9310-2b41-4391-8aaa-f67db3d6af34,16200,2020-08-17 16:20,2020-08-17 16:20,100,6.643668,3.377978,0,727f9310-2b41-4391-8aaa-f67db3d6af34
f74ae59d-eb33-486b-8a27-5788d99500db,08133248857,727f9310-2b41-4391-8aaa-f67db3d6af34,16100,2020-08-17 16:25,2020-08-17 16:25,100,6.643668,3.377978,0,727f9310-2b41-4391-8aaa-f67db3d6af34
f74ae59d-eb33-486b-8a27-5788d99500db,08133248857,727f9310-2b41-4391-8aaa-f67db3d6af34,16000,2020-08-17 16:30,2020-08-17 16:30,100,6.643668,3.377978,0,727f9310-2b41-4391-8aaa-f67db3d6af34
f74ae59d-eb33-486b-8a27-5788d99500db,08133248857,727f9310-2b41-4391-8aaa-f67db3d6af34,15900,2020-08-17 16:35,2020-08-17 16:35,100,6.643668,3.377978,0,727f9310-2b41-4391-8aaa-f67db3d6af34
f74ae59d-eb33-486b-8a27-5788d99500db,08133248857,727f9310-2b41-4391-8aaa-f67db3d6af34,15800,2020-08-17 16:40,2020-08-17 16:40,100,6.643668,3.377978,0,727f9310-2b41-4391-8aaa-f67db3d6af34
f74ae59d-eb33-486b-8a27-5788d99500db,08133248857,727f9310-2b41-4391-8aaa-f67db3d6af34,15700,2020-08-17 16:45,2020-08-17 16:45,100,6.643668,3.377978,0,727f9310-2b41-4391-8aaa-f67db3d6af34
f74ae59d-eb33-486b-8a27-5788d99500db,08133248857,727f9310-2b41-4391-8aaa-f67db3d6af34,15600,2020-08-17 16:50,2020-08-17 16:50,100,6.643668,3.377978,0,727f9310-2b41-4391-8aaa-f67db3d6af34
f74ae59d-eb33-486b-8a27-5788d99500db,08133248857,727f9310-2b41-4391-8aaa-f67db3d6af34,15500,2020-08-17 16:55,2020-08-17 16:55,100,6.643668,3.377978,0,727f9310-2b41-4391-8aaa-f67db3d6af34
f74ae59d-eb33-486b-8a27-5788d99500db,08133248857,727f9310-2b41-4391-8aaa-f67db3d6af34,15400,2020-08-17 17:00,2020-08-17 17:00,100,6.643668,3.377978,0,727f9310-2b41-4391-8aaa-f67db3d6af34
f74ae59d-eb33-486b-8a27-5788d99500db,08133248857,727f9310-2b41-4391-8aaa-f67db3d6af34,15300,2020-08-17 17:05,2020-08-17 17:05,100,6.643668,3.377978,0,727f9310-2b41-4391-8aaa-f67db3d6af34
f74ae59d-eb33-486b-8a27-5788d99500db,08133248857,727f9310-2b41-4391-8aaa-f67db3d6af34,15200,2020-08-17 17:10,2020-08-17 17:10,100,6.643668,3.377978,0,727f9310-2b41-4391-8aaa-f67db3d6af34
f74ae59d-eb33-486b-8a27-5788d99500db,08133248857,727f9310-2b41-4391-8aaa-f67db3d6af34,15100,2020-08-17 17:15,2020-08-17 17:15,100,6.643668,3.377978,0,727f9310-2b41-4391-8aaa-f67db3d6af34
f74ae59d-eb33-486b-8a27-5788d99500db,08133248857,727f9310-2b41-4391-8aaa-f67db3d6af34,15000,2020-08-17 17:20,2020-08-17 17:20,100,6.643668,3.377978,0,727f9310-2b41-4391-8aaa-f67db3d6af34
f74ae59d-eb33-486b-8a27-5788d99500db,08133248857,727f9310-2b41-4391-8aaa-f67db3d6af34,14900,2020-08-17 17:25,2020-08-17 17:25,100,6.643668,3.377978,0,727f9310-2b41-4391-8aaa-f67db3d6af34
f74ae59d-eb33-486b-8a27-5788d99500db,08133248857,727f9310-2b41-4391-8aaa-f67db3d6af34,14800,2020-08-17 17:30,2020-08-17 17:30,100,6.643668,3.377978,0,727f9310-2b41-4391-8aaa-f67db3d6af34
f74ae59d-eb33-486b-8a27-5788d99500db,08133248857,727f9310-2b41-4391-8aaa-f67db3d6af34,14700,2020-08-17 17:35,2020-08-17 17:35,100,6.643668,3.377978,0,727f9310-2b41-4391-8aaa-f67db3d6af34
f74ae59d-eb33-486b-8a27-5788d99500db,08133248857,727f9310-2b41-4391-8aaa-f67db3d6af34,14600,2020-08-17 17:40,2020-08-17 17:40,100,6.643668,3.377978,0,727f9310-2b41-4391-8aaa-f67db3d6af34
f74ae59d-eb33-486b-8a27-5788d99500db,08133248857,727f9310-2b41-4391-8aaa-f67db3d6af34,14500,2020-08-17 17:45,2020-08-17 17:45,100,6.643668,3.377978,0,727f9310-2b41-4391-8aaa-f67db3d6af34
f74ae59d-eb33-486b-8a27-5788d99500db,08133248857,727f9310-2b41-4391-8aaa-f67db3d6af34,14400,2020-08-17 17:50,2020-08-17 17:50,100,6.643668,3.377978,0,727f9310-2b41-4391-8aaa-f67db3d6af34
f74ae59d-eb33-486b-8a27-5788d99500db,08133248857,727f9310-2b41-4391-8aaa-f67db3d6af34,14300,2020-08-17 17:55,2020-08-17 17:55,100,6.643668,3.377978,0,727f9310-2b41-4391-8aaa-f67db3d6af34
f74ae59d-eb33-486b-8a27-5788d99500db,08133248857,727f9310-2b41-4391-8aaa-f67db3d6af34,14200,2020-08-17 18:00,2020-08-17 18:00,100,6.643668,3.377978,0,727f9310-2b41-4391-8aaa-f67db3d6af34
f74ae59d-eb33-486b-8a27-5788d99500db,08133248857,727f9310-2b41-4391-8aaa-f67db3d6af34,14100,2020-08-17 18:05,2020-08-17 18:05,100,6.643668,3.377978,0,727f9310-2b41-4391-8aaa-f67db3d6af34
f74ae59d-eb33-486b-8a27-5788d99500db,08133248857,727f9310-2b41-4391-8aaa-f67db3d6af34,14000,2020-08-17 18:10,2020-08-17 18:10,100,6.643668,3.377978,0,727f9310-2b41-4391-8aaa-f67db3d6af34
f74ae59d-eb33-486b-8a27-5788d99500db,08133248857,727f9310-2b41-4391-8aaa-f67db3d6af34,13900,2020-08-17 18:15,2020-08-17 18:15,100,6.643668,3.377978,0,727f9310-2b41-4391-8aaa-f67db3d6af34
f74ae59d-eb33-486b-8a27-5788d99500db,08133248857,727f9310-2b41-4391-8aaa-f67db3d6af34,13800,2020-08-17 18:20,2020-08-17 18:20,100,6.643668,3.377978,0,727f9310-2b41-4391-8aaa-f67db3d6af34
f74ae59d-eb33-486b-8a27-5788d99500db,08133248857,727f9310-2b41-4391-8aaa-f67db3d6af34,13700,2020-08-17 18:25,2020-08-17 18:25,100,6.643668,3.377978,0,727f9310-2b41-4391-8aaa-f67db3d6af34
f74ae59d-eb33-486b-8a27-5788d99500db,08133248857,727f9310-2b41-4391-8aaa-f67db3d6af34,13600,2020-08-17 18:30,2020-08-17 18:30,100,6.643668,3.377978,0,727f9310-2b41-4391-8aaa-f67db3d6af34
f74ae59d-eb33-486b-8a27-5788d99500db,08133248857,727f9310-2b41-4391-8aaa-f67db3d6af34,13500,2020-08-17 18:35,2020-08-17 18:35,100,6.643668,3.377978,0,727f9310-2b41-4391-8aaa-f67db3d6af34
f74ae59d-eb33-486b-8a27-5788d99500db,08133248857,727f9310-2b41-4391-8aaa-f67db3d6af34,13400,2020-08-17 18:40,2020-08-17 18:40,100,6.643668,3.377978,0,727f9310-2b41-4391-8aaa-f67db3d6af34
f74ae59d-eb33-486b-8a27-5788d99500db,08133248857,727f9310-2b41-4391-8aaa-f67db3d6af34,13300,2020-08-17 18:45,2020-08-17 18:45,100,6.643668,3.377978,0,727f9310-2b41-4391-8aaa-f67db3d6af34
f74ae59d-eb33-486b-8a27-5788d99500db,08133248857,727f9310-2b41-4391-8aaa-f67db3d6af34,13200,2020-08-17 18:50,2020-08-17 18:50,100,6.643668,3.377978,0,727f9310-2b41-4391-8aaa-f67db3d6af34
f74ae59d-eb33-486b-8a27-5788d99500db,08133248857,727f9310-2b41-4391-8aaa-f67db3d6af34,13100,2020-08-17 18:55,2020-08-17 18:55,100,6.643668,3.377978,0,727f9310-2b41-4391-8aaa-f67db3d6af34
f74ae59d-eb33-486b-8a27-5788d99500db,08133248857,727f9310-2b41-4391-8aaa-f67db3d6af34,13000,2020-08-17 19:00,2020-08-17 19:00,100,6.643668,3.377978,0,727f9310-2b41-4391-8aaa-f67db3d6af34
f74ae59d-eb33-486b-8a27-5788d99500db,08133248857,727f9310-2b41-4391-8aaa-f67db3d6af34,12900,2020-08-17 19:05,2020-08-17 19:05,100,6.643668,3.377978,0,727f9310-2b41-4391-8aaa-f67db3d6af34
f74ae59d-eb33-486b-8a27-5788d99500db,08133248857,727f9310-2b41-4391-8aaa-f67db3d6af34,12800,2020-08-17 19:10,2020-08-17 19:10,100,6.643668,3.377978,0,727f9310-2b41-4391-8aaa-f67db3d6af34
f74ae59d-eb33-486b-8a27-5788d99500db,08133248857,727f9310-2b41-4391-8aaa-f67db3d6af34,12700,2020-08-17 19:15,2020-08-17 19:15,100,6.643668,3.377978,0,727f9310-2b41-4391-8aaa-f67db3d6af34
f74ae59d-eb33-486b-8a27-5788d99500db,08133248857,727f9310-2b41-4391-8aaa-f67db3d6af34,12600,2020-08-17 19:20,2020-08-17 19:20,100,6.643668,3.377978,0,727f9310-2b41-4391-8aaa-f67db3d6af34
f74ae59d-eb33-486b-8a27-5788d99500db,08133248857,727f9310-2b41-4391-8aaa-f67db3d6af34,12500,2020-08-17 19:25,2020-08-17 19:25,100,6.643668,3.377978,0,727f9310-2b41-4391-8aaa-f67db3d6af34
f74ae59d-eb33-486b-8a27-5788d99500db,08133248857,727f9310-2b41-4391-8aaa-f67db3d6af34,12400,2020-08-17 19:30,2020-08-17 19:30,100,6.643668,3.377978,0,727f9310-2b41-4391-8aaa-f67db3d6af34
f74ae59d-eb33-486b-8a27-5788d99500db,08133248857,727f9310-2b41-4391-8aaa-f67db3d6af34,12300,2020-08-17 19:35,2020-08-17 19:35,100,6.643668,3.377978,0,727f9310-2b41-4391-8aaa-f67db3d6af34
f74ae59d-eb33-486b-8a27-5788d99500db,08133248857,727f9310-2b41-4391-8aaa-f67db3d6af34,12200,2020-08-17 19:40,2020-08-17 19:40,100,6.643668,3.377978,0,727f9310-2b41-4391-8aaa-f67db3d6af34
f74ae59d-eb33-486b-8a27-5788d99500db,08133248857,727f9310-2b41-4391-8aaa-f67db3d6af34,12100,2020-08-17 19:45,2020-08-17 19:45,100,6.643668,3.377978,0,727f9310-2b41-4391-8aaa-f67db3d6af34
f74ae59d-eb33-486b-8a27-5788d99500db,08133248857,727f9310-2b41-4391-8aaa-f67db3d6af34,12000,2020-08-17 19:50,2020-08-17 19:50,100,6.643668,3.377978,0,727f9310-2b41-4391-8aaa-f67db3d6af34
f74ae59d-eb33-486b-8a27-5788d99500db,08133248857,727f9310-2b41-4391-8aaa-f67db3d6af34,11900,2020-08-17 19:55,2020-08-17 19:55,100,6.643668,3.377978,0,727f9310-2b41-4391-8aaa-f67db3d6af34
f74ae59d-eb33-486b-8a27-5788d99500db,08133248857,727f9310-2b41-4391-8aaa-f67db3d6af34,11800,2020-08-17 20:00,2020-08-17 20:00,100,6.643668,3.377978,0,727f9310-2b41-4391-8aaa-f67db3d6af34
f74ae59d-eb33-486b-8a27-5788d99500db,08133248857,727f9310-2b41-4391-8aaa-f67db3d6af34,11700,2020-08-17 20:05,2020-08-17 20:05,100,6.643668,3.377978,0,727f9310-2b41-4391-8aaa-f67db3d6af34
f74ae59d-eb33-486b-8a27-5788d99500db,08133248857,727f9310-2b41-4391-8aaa-f67db3d6af34,11600,2020-08-17 20:10,2020-08-17 20:10,100,6.643668,3.377978,0,727f9310-2b41-4391-8aaa-f67db3d6af34
f74ae59d-eb33-486b-8a27-5788d99500db,08133248857,727f9310-2b41-4391-8aaa-f67db3d6af34,11500,2020-08-17 20:15,2020-08-17 20:15,100,6.643668,3.377978,0,727f9310-2b41-4391-8aaa-f67db3d6af34
f74ae59d-eb33-486b-8a27-5788d99500db,08133248857,727f9310-2b41-4391-8aaa-f67db3d6af34,11400,2020-08-17 20:20,2020-08-17 20:20,100,6.643668,3.377978,0,727f9310-2b41-4391-8aaa-f67db3d6af34
f74ae59d-eb33-486b-8a27-5788d99500db,08133248857,727f9310-2b41-4391-8aaa-f67db3d6af34,11300,2020-08-17 20:25,2020-08-17 20:25,100,6.643668,3.377978,0,727f9310-2b41-4391-8aaa-f67db3d6af34
f74ae59d-eb33-486b-8a27-5788d99500db,08133248857,727f9310-2b41-4391-8aaa-f67db3d6af34,11200,2020-08-17 20:30,2020-08-17 20:30,100,6.643668,3.377978,0,727f9310-2b41-4391-8aaa-f67db3d6af34
f74ae59d-eb33-486b-8a27-5788d99500db,08133248857,727f9310-2b41-4391-8aaa-f67db3d6af34,11100,2020-08-17 20:35,2020-08-17 20:35,100,6.643668,3.377978,0,727f9310-2b41-4391-8aaa-f67db3d6af34
f74ae59d-eb33-486b-8a27-5788d99500db,08133248857,727f9310-2b41-4391-8aaa-f67db3d6af34,11000,2020-08-17 20:40,2020-08-17 20:40,100,6.643668,3.377978,0,727f9310-2b41-4391-8aaa-f67db3d6af34
f74ae59d-eb33-486b-8a27-5788d99500db,08133248857,727f9310-2b41-4391-8aaa-f67db3d6af34,11000,2020-08-17 21:40,2020-08-17 21:40,0,6.643668,3.377978,0,727f9310-2b41-4391-8aaa-f67db3d6af34
f74ae59d-eb33-486b-8a27-5788d99500db,08133248857,727f9310-2b41-4391-8aaa-f67db3d6af34,11000,2020-08-17 22:40,2020-08-17 22:40,0,6.643668,3.377978,0,727f9310-2b41-4391-8aaa-f67db3d6af34
f74ae59d-eb33-486b-8a27-5788d99500db,08133248857,727f9310-2b41-4391-8aaa-f67db3d6af34,11000,2020-08-17 23:40,2020-08-17 23:40,0,6.643668,3.377978,0,727f9310-2b41-4391-8aaa-f67db3d6af34
